10.0.8.132,10.0.53.31,,,25,24327,,, eSim(0.01)=100.00%, eSim(0.2)=100.00%, eSim(2.5)=100.00%, eSim(>=2.5)=0.00%
10.3.78.124,10.5.82.142,,,2384,6699,,, eSim(0.01)=100.00%, eSim(0.2)=100.00%, eSim(2.5)=100.00%, eSim(>=2.5)=0.00%
10.0.33.168,10.0.219.217,,,25,3956,,, eSim(0.01)=100.00%, eSim(0.2)=100.00%, eSim(2.5)=100.00%, eSim(>=2.5)=0.00%
10.0.33.168,10.0.219.217,,,25,3956,,, eSim(0.01)=100.00%, eSim(0.2)=100.00%, eSim(2.5)=100.00%, eSim(>=2.5)=0.00%
10.0.0.27,10.0.5.160,,,7070,1147,,, eSim(0.01)=27.27%, eSim(0.2)=72.73%, eSim(2.5)=95.45%, eSim(>=2.5)=4.55%
10.0.0.91,10.0.10.235,,,2244,80,,, eSim(0.01)=99.95%, eSim(0.2)=99.95%, eSim(2.5)=99.95%, eSim(>=2.5)=0.05%
10.0.2.53,10.1.27.100,,,61623,20,,, eSim(0.01)=33.33%, eSim(0.2)=66.67%, eSim(2.5)=100.00%, eSim(>=2.5)=0.00%
10.0.2.53,10.1.27.100,,,61623,20,,, eSim(0.01)=11.11%, eSim(0.2)=33.33%, eSim(2.5)=77.78%, eSim(>=2.5)=22.22%
10.0.2.53,10.1.27.100,,,61623,20,,, eSim(0.01)=33.33%, eSim(0.2)=61.11%, eSim(2.5)=94.44%, eSim(>=2.5)=5.56%
10.0.2.53,10.1.27.100,,,61623,20,,, eSim(0.01)=44.44%, eSim(0.2)=50.00%, eSim(2.5)=94.44%, eSim(>=2.5)=5.56%
10.0.2.53,10.1.27.100,,,64524,20,,, eSim(0.01)=35.71%, eSim(0.2)=57.14%, eSim(2.5)=85.71%, eSim(>=2.5)=14.29%
10.0.2.53,10.1.27.100,,,64524,20,,, eSim(0.01)=0.00%, eSim(0.2)=0.00%, eSim(2.5)=0.00%, eSim(>=2.5)=100.00%
10.0.2.53,10.1.27.100,,,64524,20,,, eSim(0.01)=21.05%, eSim(0.2)=73.68%, eSim(2.5)=94.74%, eSim(>=2.5)=5.26%
10.0.97.193,10.2.176.170,,,80,2532,,, eSim(0.01)=76.52%, eSim(0.2)=90.91%, eSim(2.5)=100.00%, eSim(>=2.5)=0.00%
10.0.0.19,10.0.0.20,,,119,2511,,, eSim(0.01)=93.97%, eSim(0.2)=100.00%, eSim(2.5)=100.00%, eSim(>=2.5)=0.00%
10.0.0.19,10.0.0.20,,,119,2511,,, eSim(0.01)=93.60%, eSim(0.2)=99.93%, eSim(2.5)=100.00%, eSim(>=2.5)=0.00%
10.0.4.118,10.0.14.251,,,110,4532,,, eSim(0.01)=5.56%, eSim(0.2)=50.00%, eSim(2.5)=83.33%, eSim(>=2.5)=16.67%
10.0.0.3,10.4.88.37,,,2287,80,,, eSim(0.01)=100.00%, eSim(0.2)=100.00%, eSim(2.5)=100.00%, eSim(>=2.5)=0.00%
10.0.1.0,10.0.1.1,,,14566,2199,,, eSim(0.01)=82.08%, eSim(0.2)=97.80%, eSim(2.5)=100.00%, eSim(>=2.5)=0.00%
10.4.168.99,10.5.78.21,,,1167,6699,,, eSim(0.01)=100.00%, eSim(0.2)=100.00%, eSim(2.5)=100.00%, eSim(>=2.5)=0.00%
10.0.0.203,10.0.3.117,,,3069,25,,, eSim(0.01)=40.00%, eSim(0.2)=56.00%, eSim(2.5)=100.00%, eSim(>=2.5)=0.00%
10.0.8.37,10.0.16.61,,,119,19888,,, eSim(0.01)=14.29%, eSim(0.2)=80.95%, eSim(2.5)=97.62%, eSim(>=2.5)=2.38%
10.0.8.37,10.0.16.61,,,119,19888,,, eSim(0.01)=15.38%, eSim(0.2)=46.15%, eSim(2.5)=84.62%, eSim(>=2.5)=15.38%
10.0.147.228,10.4.90.240,,,8847,8268,,, eSim(0.01)=99.31%, eSim(0.2)=99.68%, eSim(2.5)=100.00%, eSim(>=2.5)=0.00%
10.1.33.205,10.3.78.124,,,1082,6699,,, eSim(0.01)=100.00%, eSim(0.2)=100.00%, eSim(2.5)=100.00%, eSim(>=2.5)=0.00%
10.1.93.62,10.5.82.172,,,1786,3059,,, eSim(0.01)=99.82%, eSim(0.2)=99.82%, eSim(2.5)=100.00%, eSim(>=2.5)=0.00%
10.0.0.34,10.1.69.22,,,20,1441,,, eSim(0.01)=47.22%, eSim(0.2)=90.28%, eSim(2.5)=100.00%, eSim(>=2.5)=0.00%
10.0.0.91,10.1.212.34,,,1073,80,,, eSim(0.01)=100.00%, eSim(0.2)=100.00%, eSim(2.5)=100.00%, eSim(>=2.5)=0.00%
10.1.92.89,10.2.201.181,,,3197,5631,,, eSim(0.01)=97.23%, eSim(0.2)=99.04%, eSim(2.5)=100.00%, eSim(>=2.5)=0.00%
10.1.34.147,10.5.71.151,,,6699,37147,,, eSim(0.01)=97.42%, eSim(0.2)=99.20%, eSim(2.5)=99.91%, eSim(>=2.5)=0.09%
10.0.2.122,10.0.43.204,,,59832,25,,, eSim(0.01)=33.33%, eSim(0.2)=33.33%, eSim(2.5)=66.67%, eSim(>=2.5)=33.33%
10.0.36.186,10.4.202.60,,,1072,12912,,, eSim(0.01)=97.98%, eSim(0.2)=99.30%, eSim(2.5)=99.82%, eSim(>=2.5)=0.18%
10.0.31.99,10.1.30.51,,,1106,110,,, eSim(0.01)=99.90%, eSim(0.2)=99.90%, eSim(2.5)=100.00%, eSim(>=2.5)=0.00%
10.0.1.28,10.0.1.31,,,31358,25,,, eSim(0.01)=51.52%, eSim(0.2)=63.64%, eSim(2.5)=96.97%, eSim(>=2.5)=3.03%
10.0.1.28,10.0.1.31,,,31358,25,,, eSim(0.01)=33.33%, eSim(0.2)=56.67%, eSim(2.5)=96.67%, eSim(>=2.5)=3.33%
10.0.0.91,10.0.10.235,,,2244,80,,, eSim(0.01)=99.95%, eSim(0.2)=99.95%, eSim(2.5)=99.95%, eSim(>=2.5)=0.05%
10.0.32.144,10.3.222.170,,,1032,24650,,, eSim(0.01)=100.00%, eSim(0.2)=100.00%, eSim(2.5)=100.00%, eSim(>=2.5)=0.00%
10.0.0.42,10.3.65.0,,,39193,25,,, eSim(0.01)=0.00%, eSim(0.2)=50.00%, eSim(2.5)=50.00%, eSim(>=2.5)=50.00%
10.1.93.62,10.5.71.142,,,1785,2666,,, eSim(0.01)=99.89%, eSim(0.2)=99.89%, eSim(2.5)=100.00%, eSim(>=2.5)=0.00%
10.0.203.22,10.4.88.0,,,1405,6699,,, eSim(0.01)=99.90%, eSim(0.2)=99.90%, eSim(2.5)=99.95%, eSim(>=2.5)=0.05%
10.0.2.50,10.5.70.221,,,1539,6688,,, eSim(0.01)=100.00%, eSim(0.2)=100.00%, eSim(2.5)=100.00%, eSim(>=2.5)=0.00%
10.0.1.47,10.0.3.74,,,7070,3529,,, eSim(0.01)=62.22%, eSim(0.2)=88.89%, eSim(2.5)=100.00%, eSim(>=2.5)=0.00%
10.0.1.47,10.0.3.74,,,7070,3529,,, eSim(0.01)=62.22%, eSim(0.2)=88.89%, eSim(2.5)=100.00%, eSim(>=2.5)=0.00%
10.0.0.102,10.0.15.185,,,25,3393,,, eSim(0.01)=94.22%, eSim(0.2)=98.74%, eSim(2.5)=100.00%, eSim(>=2.5)=0.00%
10.0.2.137,10.1.172.216,,,4752,25,,, eSim(0.01)=98.54%, eSim(0.2)=98.81%, eSim(2.5)=99.74%, eSim(>=2.5)=0.26%
10.0.2.137,10.1.172.216,,,4752,25,,, eSim(0.01)=98.00%, eSim(0.2)=98.67%, eSim(2.5)=99.56%, eSim(>=2.5)=0.44%
10.0.97.193,10.2.176.170,,,80,3408,,, eSim(0.01)=75.74%, eSim(0.2)=93.38%, eSim(2.5)=100.00%, eSim(>=2.5)=0.00%
10.0.15.6,10.0.28.185,,,7070,2973,,, eSim(0.01)=20.00%, eSim(0.2)=40.00%, eSim(2.5)=93.33%, eSim(>=2.5)=6.67%
10.0.8.37,10.0.16.61,,,119,19888,,, eSim(0.01)=16.67%, eSim(0.2)=69.05%, eSim(2.5)=97.62%, eSim(>=2.5)=2.38%
10.0.8.37,10.0.16.61,,,119,19888,,, eSim(0.01)=20.00%, eSim(0.2)=80.00%, eSim(2.5)=100.00%, eSim(>=2.5)=0.00%
10.0.8.37,10.0.16.61,,,119,19888,,, eSim(0.01)=11.54%, eSim(0.2)=73.08%, eSim(2.5)=96.15%, eSim(>=2.5)=3.85%
10.3.78.124,10.4.96.5,,,6699,1242,,, eSim(0.01)=70.27%, eSim(0.2)=72.97%, eSim(2.5)=94.59%, eSim(>=2.5)=5.41%
10.3.78.124,10.4.96.5,,,6699,1242,,, eSim(0.01)=77.42%, eSim(0.2)=82.26%, eSim(2.5)=100.00%, eSim(>=2.5)=0.00%
10.0.39.133,10.2.113.124,,,1109,63226,,, eSim(0.01)=100.00%, eSim(0.2)=100.00%, eSim(2.5)=100.00%, eSim(>=2.5)=0.00%
10.0.54.114,10.4.110.66,,,1919,23,,, eSim(0.01)=87.47%, eSim(0.2)=97.91%, eSim(2.5)=100.00%, eSim(>=2.5)=0.00%
10.0.5.246,10.3.235.96,,,80,1697,,, eSim(0.01)=0.00%, eSim(0.2)=0.00%, eSim(2.5)=33.33%, eSim(>=2.5)=66.67%
10.0.5.246,10.3.235.96,,,80,1697,,, eSim(0.01)=79.10%, eSim(0.2)=88.06%, eSim(2.5)=100.00%, eSim(>=2.5)=0.00%
10.0.5.246,10.3.235.96,,,80,1697,,, eSim(0.01)=75.68%, eSim(0.2)=81.08%, eSim(2.5)=97.30%, eSim(>=2.5)=2.70%
10.0.5.246,10.3.235.96,,,80,1697,,, no or not enough (<=2) retransmissions existent
10.0.5.246,10.3.235.96,,,80,1697,,, no or not enough (<=2) retransmissions existent
10.0.5.246,10.3.235.96,,,80,1697,,, no or not enough (<=2) retransmissions existent
10.0.5.246,10.3.235.96,,,80,1697,,, no or not enough (<=2) retransmissions existent
10.0.5.246,10.3.235.96,,,80,1697,,, eSim(0.01)=59.26%, eSim(0.2)=62.96%, eSim(2.5)=96.30%, eSim(>=2.5)=3.70%
10.0.5.246,10.3.235.96,,,80,1697,,, eSim(0.01)=85.71%, eSim(0.2)=85.71%, eSim(2.5)=96.43%, eSim(>=2.5)=3.57%
10.0.5.246,10.3.235.96,,,80,1697,,, no or not enough (<=2) retransmissions existent
10.0.0.233,10.0.36.174,,,1387,25,,, eSim(0.01)=63.21%, eSim(0.2)=94.34%, eSim(2.5)=100.00%, eSim(>=2.5)=0.00%
10.1.92.89,10.2.201.181,,,3197,5631,,, eSim(0.01)=98.93%, eSim(0.2)=99.31%, eSim(2.5)=99.94%, eSim(>=2.5)=0.06%
10.1.92.89,10.2.201.181,,,3197,5631,,, eSim(0.01)=98.58%, eSim(0.2)=99.08%, eSim(2.5)=100.00%, eSim(>=2.5)=0.00%
10.0.12.233,10.1.31.179,,,80,1190,,, eSim(0.01)=72.54%, eSim(0.2)=95.07%, eSim(2.5)=100.00%, eSim(>=2.5)=0.00%
10.0.8.70,10.1.47.104,,,110,1055,,, eSim(0.01)=98.45%, eSim(0.2)=99.32%, eSim(2.5)=99.90%, eSim(>=2.5)=0.10%
10.0.6.121,10.0.143.72,,,10018,80,,, eSim(0.01)=100.00%, eSim(0.2)=100.00%, eSim(2.5)=100.00%, eSim(>=2.5)=0.00%
10.0.6.121,10.0.143.72,,,10018,80,,, eSim(0.01)=100.00%, eSim(0.2)=100.00%, eSim(2.5)=100.00%, eSim(>=2.5)=0.00%
10.0.6.121,10.0.143.72,,,10018,80,,, eSim(0.01)=100.00%, eSim(0.2)=100.00%, eSim(2.5)=100.00%, eSim(>=2.5)=0.00%
10.3.1.146,10.4.20.183,,,1061,5555,,, eSim(0.01)=46.88%, eSim(0.2)=81.25%, eSim(2.5)=100.00%, eSim(>=2.5)=0.00%
10.0.25.159,10.2.203.181,,,80,1025,,, eSim(0.01)=94.74%, eSim(0.2)=94.74%, eSim(2.5)=100.00%, eSim(>=2.5)=0.00%
10.0.25.159,10.2.203.181,,,80,1025,,, eSim(0.01)=0.00%, eSim(0.2)=0.00%, eSim(2.5)=0.00%, eSim(>=2.5)=100.00%
10.0.25.159,10.2.203.181,,,80,1025,,, no or not enough (<=2) retransmissions existent
10.1.139.46,10.2.43.25,,,1357,6700,,, eSim(0.01)=93.82%, eSim(0.2)=97.19%, eSim(2.5)=99.72%, eSim(>=2.5)=0.28%
10.0.31.227,10.1.196.100,,,19747,80,,, eSim(0.01)=99.95%, eSim(0.2)=99.95%, eSim(2.5)=99.95%, eSim(>=2.5)=0.05%
10.0.4.41,10.1.204.121,,,63669,1605,,, eSim(0.01)=100.00%, eSim(0.2)=100.00%, eSim(2.5)=100.00%, eSim(>=2.5)=0.00%
10.0.0.85,10.0.164.129,,,6667,1053,,, eSim(0.01)=0.00%, eSim(0.2)=37.50%, eSim(2.5)=87.50%, eSim(>=2.5)=12.50%
10.0.2.86,10.0.20.217,,,4140,25,,, eSim(0.01)=0.00%, eSim(0.2)=22.22%, eSim(2.5)=88.89%, eSim(>=2.5)=11.11%
10.0.2.86,10.0.20.217,,,4140,25,,, eSim(0.01)=0.00%, eSim(0.2)=0.00%, eSim(2.5)=0.00%, eSim(>=2.5)=100.00%
10.0.2.86,10.0.20.217,,,4140,25,,, eSim(0.01)=12.50%, eSim(0.2)=12.50%, eSim(2.5)=62.50%, eSim(>=2.5)=37.50%
10.0.0.75,10.1.243.67,,,4839,80,,, eSim(0.01)=100.00%, eSim(0.2)=100.00%, eSim(2.5)=100.00%, eSim(>=2.5)=0.00%
10.0.0.75,10.1.243.67,,,4839,80,,, eSim(0.01)=100.00%, eSim(0.2)=100.00%, eSim(2.5)=100.00%, eSim(>=2.5)=0.00%
10.0.5.107,10.0.34.146,,,80,3265,,, eSim(0.01)=71.88%, eSim(0.2)=71.88%, eSim(2.5)=96.88%, eSim(>=2.5)=3.12%
10.0.5.107,10.0.34.146,,,80,3265,,, eSim(0.01)=76.92%, eSim(0.2)=76.92%, eSim(2.5)=92.31%, eSim(>=2.5)=7.69%
10.0.5.107,10.0.34.146,,,80,2079,,, no or not enough (<=2) retransmissions existent
10.0.5.107,10.0.34.146,,,80,2079,,, no or not enough (<=2) retransmissions existent
10.0.30.68,10.2.39.168,,,1526,80,,, eSim(0.01)=99.95%, eSim(0.2)=99.95%, eSim(2.5)=99.95%, eSim(>=2.5)=0.05%
10.0.2.107,10.0.217.178,,,80,2367,,, eSim(0.01)=25.00%, eSim(0.2)=50.00%, eSim(2.5)=75.00%, eSim(>=2.5)=25.00%
10.0.2.53,10.1.27.100,,,34385,20,,, eSim(0.01)=21.43%, eSim(0.2)=50.00%, eSim(2.5)=92.86%, eSim(>=2.5)=7.14%
10.0.2.53,10.1.27.100,,,34708,20,,, eSim(0.01)=11.11%, eSim(0.2)=33.33%, eSim(2.5)=88.89%, eSim(>=2.5)=11.11%
10.0.2.53,10.1.27.100,,,35416,20,,, eSim(0.01)=55.26%, eSim(0.2)=73.68%, eSim(2.5)=97.37%, eSim(>=2.5)=2.63%
10.0.2.53,10.1.27.100,,,35925,20,,, eSim(0.01)=12.50%, eSim(0.2)=25.00%, eSim(2.5)=87.50%, eSim(>=2.5)=12.50%
10.0.2.53,10.1.27.100,,,36338,20,,, eSim(0.01)=0.00%, eSim(0.2)=20.00%, eSim(2.5)=80.00%, eSim(>=2.5)=20.00%
10.0.2.53,10.1.27.100,,,36338,20,,, eSim(0.01)=100.00%, eSim(0.2)=100.00%, eSim(2.5)=100.00%, eSim(>=2.5)=0.00%
10.0.2.53,10.1.27.100,,,36338,20,,, eSim(0.01)=36.36%, eSim(0.2)=36.36%, eSim(2.5)=81.82%, eSim(>=2.5)=18.18%
10.0.2.53,10.1.27.100,,,36338,20,,, no or not enough (<=2) retransmissions existent
10.0.12.186,10.0.46.176,,,48797,25,,, no or not enough (<=2) retransmissions existent
10.0.12.186,10.0.46.176,,,48797,25,,, no or not enough (<=2) retransmissions existent
10.0.8.37,10.0.47.49,,,119,1075,,, eSim(0.01)=71.24%, eSim(0.2)=95.42%, eSim(2.5)=99.35%, eSim(>=2.5)=0.65%
10.0.1.174,10.2.184.142,,,110,1142,,, eSim(0.01)=34.78%, eSim(0.2)=52.17%, eSim(2.5)=100.00%, eSim(>=2.5)=0.00%
10.0.0.19,10.0.0.20,,,119,2511,,, eSim(0.01)=95.11%, eSim(0.2)=99.88%, eSim(2.5)=100.00%, eSim(>=2.5)=0.00%
10.0.0.19,10.0.0.20,,,119,2511,,, eSim(0.01)=95.52%, eSim(0.2)=99.88%, eSim(2.5)=100.00%, eSim(>=2.5)=0.00%
10.0.0.19,10.0.0.20,,,119,2511,,, eSim(0.01)=96.10%, eSim(0.2)=99.94%, eSim(2.5)=100.00%, eSim(>=2.5)=0.00%
10.0.0.19,10.0.0.20,,,119,2511,,, eSim(0.01)=95.27%, eSim(0.2)=99.94%, eSim(2.5)=100.00%, eSim(>=2.5)=0.00%
10.0.0.19,10.0.0.20,,,119,2511,,, eSim(0.01)=96.07%, eSim(0.2)=99.88%, eSim(2.5)=100.00%, eSim(>=2.5)=0.00%
10.3.78.124,10.5.84.180,,,6699,2649,,, eSim(0.01)=76.56%, eSim(0.2)=89.06%, eSim(2.5)=96.88%, eSim(>=2.5)=3.12%
10.1.121.4,10.1.212.239,,,1854,4000,,, eSim(0.01)=98.42%, eSim(0.2)=99.70%, eSim(2.5)=99.92%, eSim(>=2.5)=0.08%
10.1.121.4,10.1.212.239,,,1854,4000,,, eSim(0.01)=97.68%, eSim(0.2)=99.46%, eSim(2.5)=100.00%, eSim(>=2.5)=0.00%
10.0.23.13,10.2.255.181,,,80,1827,,, eSim(0.01)=56.00%, eSim(0.2)=88.00%, eSim(2.5)=100.00%, eSim(>=2.5)=0.00%
10.0.8.37,10.0.251.190,,,119,1046,,, eSim(0.01)=66.07%, eSim(0.2)=93.75%, eSim(2.5)=100.00%, eSim(>=2.5)=0.00%
10.0.0.27,10.0.5.160,,,7070,1147,,, eSim(0.01)=52.73%, eSim(0.2)=78.18%, eSim(2.5)=100.00%, eSim(>=2.5)=0.00%
10.3.40.188,10.3.129.93,,,10768,1120,,, eSim(0.01)=99.95%, eSim(0.2)=99.95%, eSim(2.5)=100.00%, eSim(>=2.5)=0.00%
10.3.40.188,10.3.129.93,,,10768,1120,,, eSim(0.01)=100.00%, eSim(0.2)=100.00%, eSim(2.5)=100.00%, eSim(>=2.5)=0.00%
10.0.10.235,10.1.232.10,,,80,2350,,, eSim(0.01)=33.33%, eSim(0.2)=33.33%, eSim(2.5)=66.67%, eSim(>=2.5)=33.33%
10.2.40.176,10.3.126.174,,,10073,1062,,, eSim(0.01)=97.71%, eSim(0.2)=99.43%, eSim(2.5)=100.00%, eSim(>=2.5)=0.00%
10.3.78.124,10.4.95.223,,,6699,3051,,, eSim(0.01)=50.00%, eSim(0.2)=50.00%, eSim(2.5)=50.00%, eSim(>=2.5)=50.00%
10.3.78.124,10.4.95.223,,,6699,3051,,, eSim(0.01)=62.96%, eSim(0.2)=66.67%, eSim(2.5)=96.30%, eSim(>=2.5)=3.70%
10.3.78.124,10.4.95.223,,,6699,3055,,, eSim(0.01)=53.85%, eSim(0.2)=61.54%, eSim(2.5)=92.31%, eSim(>=2.5)=7.69%
10.0.0.34,10.1.69.22,,,20,1443,,, eSim(0.01)=17.14%, eSim(0.2)=80.00%, eSim(2.5)=100.00%, eSim(>=2.5)=0.00%
10.0.5.64,10.0.8.218,,,9088,25,,, eSim(0.01)=21.95%, eSim(0.2)=70.73%, eSim(2.5)=100.00%, eSim(>=2.5)=0.00%
10.0.13.62,10.0.16.98,,,23840,25,,, eSim(0.01)=60.71%, eSim(0.2)=64.29%, eSim(2.5)=92.86%, eSim(>=2.5)=7.14%
10.0.251.57,10.4.168.99,,,6699,1169,,, eSim(0.01)=88.30%, eSim(0.2)=97.37%, eSim(2.5)=100.00%, eSim(>=2.5)=0.00%
10.0.1.112,10.1.178.166,,,25,4418,,, eSim(0.01)=99.75%, eSim(0.2)=99.85%, eSim(2.5)=99.95%, eSim(>=2.5)=0.05%
10.2.1.27,10.4.34.167,,,1494,1029,,, eSim(0.01)=88.53%, eSim(0.2)=99.63%, eSim(2.5)=100.00%, eSim(>=2.5)=0.00%
10.0.1.47,10.0.3.74,,,7070,3529,,, eSim(0.01)=57.89%, eSim(0.2)=89.47%, eSim(2.5)=100.00%, eSim(>=2.5)=0.00%
10.0.54.58,10.4.93.9,,,1203,6700,,, eSim(0.01)=100.00%, eSim(0.2)=100.00%, eSim(2.5)=100.00%, eSim(>=2.5)=0.00%
10.0.8.218,10.0.19.166,,,2848,25,,, eSim(0.01)=10.00%, eSim(0.2)=30.00%, eSim(2.5)=90.00%, eSim(>=2.5)=10.00%
10.0.0.42,10.0.28.101,,,25,4956,,, eSim(0.01)=99.95%, eSim(0.2)=99.95%, eSim(2.5)=99.95%, eSim(>=2.5)=0.05%
10.0.236.113,10.2.86.7,,,1159,80,,, eSim(0.01)=99.95%, eSim(0.2)=99.95%, eSim(2.5)=99.95%, eSim(>=2.5)=0.05%
10.0.12.233,10.2.22.54,,,80,2677,,, eSim(0.01)=46.67%, eSim(0.2)=70.00%, eSim(2.5)=90.00%, eSim(>=2.5)=10.00%
10.0.12.233,10.2.22.54,,,80,2677,,, eSim(0.01)=0.00%, eSim(0.2)=66.67%, eSim(2.5)=100.00%, eSim(>=2.5)=0.00%
10.0.14.27,10.0.123.35,,,46811,80,,, eSim(0.01)=100.00%, eSim(0.2)=100.00%, eSim(2.5)=100.00%, eSim(>=2.5)=0.00%
10.0.14.27,10.0.123.35,,,46811,80,,, eSim(0.01)=100.00%, eSim(0.2)=100.00%, eSim(2.5)=100.00%, eSim(>=2.5)=0.00%
10.0.0.27,10.0.5.160,,,7070,1147,,, eSim(0.01)=40.00%, eSim(0.2)=50.00%, eSim(2.5)=100.00%, eSim(>=2.5)=0.00%
10.0.39.133,10.2.181.26,,,1227,38101,,, eSim(0.01)=100.00%, eSim(0.2)=100.00%, eSim(2.5)=100.00%, eSim(>=2.5)=0.00%
10.0.39.133,10.2.181.26,,,1227,38101,,, eSim(0.01)=100.00%, eSim(0.2)=100.00%, eSim(2.5)=100.00%, eSim(>=2.5)=0.00%
10.0.0.19,10.0.0.20,,,119,2792,,, eSim(0.01)=94.41%, eSim(0.2)=99.81%, eSim(2.5)=100.00%, eSim(>=2.5)=0.00%
10.0.0.19,10.0.0.20,,,119,2792,,, eSim(0.01)=94.16%, eSim(0.2)=99.93%, eSim(2.5)=100.00%, eSim(>=2.5)=0.00%
10.0.0.19,10.0.0.20,,,119,2792,,, eSim(0.01)=94.68%, eSim(0.2)=100.00%, eSim(2.5)=100.00%, eSim(>=2.5)=0.00%
10.0.2.53,10.1.27.100,,,44381,20,,, eSim(0.01)=41.30%, eSim(0.2)=71.74%, eSim(2.5)=100.00%, eSim(>=2.5)=0.00%
10.0.2.53,10.1.27.100,,,44381,20,,, eSim(0.01)=44.07%, eSim(0.2)=79.66%, eSim(2.5)=98.31%, eSim(>=2.5)=1.69%
10.0.2.53,10.1.27.100,,,48169,20,,, eSim(0.01)=42.86%, eSim(0.2)=90.11%, eSim(2.5)=100.00%, eSim(>=2.5)=0.00%
10.0.2.53,10.1.27.100,,,48169,20,,, eSim(0.01)=28.21%, eSim(0.2)=74.36%, eSim(2.5)=100.00%, eSim(>=2.5)=0.00%
10.0.2.53,10.1.27.100,,,48169,20,,, eSim(0.01)=23.08%, eSim(0.2)=38.46%, eSim(2.5)=92.31%, eSim(>=2.5)=7.69%
10.0.2.53,10.1.27.100,,,48169,20,,, eSim(0.01)=20.00%, eSim(0.2)=53.33%, eSim(2.5)=86.67%, eSim(>=2.5)=13.33%
10.0.2.53,10.1.27.100,,,48169,20,,, eSim(0.01)=33.33%, eSim(0.2)=33.33%, eSim(2.5)=66.67%, eSim(>=2.5)=33.33%
10.0.2.53,10.1.27.100,,,48169,20,,, eSim(0.01)=25.00%, eSim(0.2)=50.00%, eSim(2.5)=87.50%, eSim(>=2.5)=12.50%
10.0.2.53,10.1.27.100,,,48169,20,,, eSim(0.01)=20.00%, eSim(0.2)=53.33%, eSim(2.5)=93.33%, eSim(>=2.5)=6.67%
10.0.2.53,10.1.27.100,,,48169,20,,, eSim(0.01)=22.58%, eSim(0.2)=77.42%, eSim(2.5)=100.00%, eSim(>=2.5)=0.00%
10.0.2.53,10.1.27.100,,,48169,20,,, no or not enough (<=2) retransmissions existent
10.0.2.53,10.1.27.100,,,48169,20,,, no or not enough (<=2) retransmissions existent
10.0.2.53,10.1.27.100,,,48169,20,,, eSim(0.01)=22.22%, eSim(0.2)=33.33%, eSim(2.5)=77.78%, eSim(>=2.5)=22.22%
10.0.2.53,10.1.27.100,,,48169,20,,, eSim(0.01)=27.27%, eSim(0.2)=54.55%, eSim(2.5)=90.91%, eSim(>=2.5)=9.09%
10.0.1.112,10.0.3.231,,,25,40070,,, eSim(0.01)=99.75%, eSim(0.2)=99.85%, eSim(2.5)=99.95%, eSim(>=2.5)=0.05%
10.1.120.98,10.1.161.115,,,3061,5631,,, eSim(0.01)=76.07%, eSim(0.2)=98.49%, eSim(2.5)=100.00%, eSim(>=2.5)=0.00%
10.0.0.75,10.4.101.207,,,1790,44692,,, eSim(0.01)=100.00%, eSim(0.2)=100.00%, eSim(2.5)=100.00%, eSim(>=2.5)=0.00%
10.0.0.75,10.4.101.207,,,1790,44692,,, eSim(0.01)=100.00%, eSim(0.2)=100.00%, eSim(2.5)=100.00%, eSim(>=2.5)=0.00%
10.0.0.75,10.4.101.207,,,1790,44692,,, eSim(0.01)=100.00%, eSim(0.2)=100.00%, eSim(2.5)=100.00%, eSim(>=2.5)=0.00%
10.0.0.75,10.4.101.207,,,1790,44692,,, eSim(0.01)=100.00%, eSim(0.2)=100.00%, eSim(2.5)=100.00%, eSim(>=2.5)=0.00%
10.0.0.75,10.4.101.207,,,1790,44692,,, eSim(0.01)=100.00%, eSim(0.2)=100.00%, eSim(2.5)=100.00%, eSim(>=2.5)=0.00%
10.0.0.75,10.4.101.207,,,1790,44692,,, eSim(0.01)=100.00%, eSim(0.2)=100.00%, eSim(2.5)=100.00%, eSim(>=2.5)=0.00%
10.1.114.246,10.3.24.146,,,1598,80,,, eSim(0.01)=100.00%, eSim(0.2)=100.00%, eSim(2.5)=100.00%, eSim(>=2.5)=0.00%
10.1.114.246,10.3.24.146,,,1598,80,,, eSim(0.01)=100.00%, eSim(0.2)=100.00%, eSim(2.5)=100.00%, eSim(>=2.5)=0.00%
10.0.203.22,10.4.100.154,,,1040,6699,,, eSim(0.01)=99.90%, eSim(0.2)=99.90%, eSim(2.5)=99.95%, eSim(>=2.5)=0.05%
10.0.203.22,10.4.100.154,,,1040,6699,,, eSim(0.01)=100.00%, eSim(0.2)=100.00%, eSim(2.5)=100.00%, eSim(>=2.5)=0.00%
10.1.92.5,10.1.199.211,,,1408,80,,, eSim(0.01)=100.00%, eSim(0.2)=100.00%, eSim(2.5)=100.00%, eSim(>=2.5)=0.00%
10.1.92.5,10.1.199.211,,,1408,80,,, eSim(0.01)=100.00%, eSim(0.2)=100.00%, eSim(2.5)=100.00%, eSim(>=2.5)=0.00%
10.0.15.6,10.0.169.68,,,7070,4761,,, eSim(0.01)=81.48%, eSim(0.2)=92.59%, eSim(2.5)=100.00%, eSim(>=2.5)=0.00%
10.0.15.6,10.0.169.68,,,7070,4761,,, eSim(0.01)=87.50%, eSim(0.2)=87.50%, eSim(2.5)=96.88%, eSim(>=2.5)=3.12%
10.0.15.6,10.0.169.68,,,7070,4761,,, eSim(0.01)=57.69%, eSim(0.2)=80.77%, eSim(2.5)=96.15%, eSim(>=2.5)=3.85%
10.0.0.16,10.0.47.48,,,80,5453,,, eSim(0.01)=31.11%, eSim(0.2)=77.78%, eSim(2.5)=100.00%, eSim(>=2.5)=0.00%
10.0.0.16,10.0.47.48,,,80,5453,,, eSim(0.01)=62.04%, eSim(0.2)=93.52%, eSim(2.5)=100.00%, eSim(>=2.5)=0.00%
10.0.193.246,10.5.4.12,,,1057,80,,, eSim(0.01)=99.95%, eSim(0.2)=99.95%, eSim(2.5)=99.95%, eSim(>=2.5)=0.05%
10.0.193.246,10.5.4.12,,,1057,80,,, eSim(0.01)=100.00%, eSim(0.2)=100.00%, eSim(2.5)=100.00%, eSim(>=2.5)=0.00%
10.0.0.19,10.0.0.20,,,119,2511,,, eSim(0.01)=95.94%, eSim(0.2)=99.88%, eSim(2.5)=100.00%, eSim(>=2.5)=0.00%
10.0.0.19,10.0.0.20,,,119,2511,,, eSim(0.01)=94.76%, eSim(0.2)=99.94%, eSim(2.5)=100.00%, eSim(>=2.5)=0.00%
10.0.0.19,10.0.0.20,,,119,2511,,, eSim(0.01)=94.99%, eSim(0.2)=99.81%, eSim(2.5)=100.00%, eSim(>=2.5)=0.00%
10.0.0.19,10.0.0.20,,,119,2730,,, eSim(0.01)=94.57%, eSim(0.2)=100.00%, eSim(2.5)=100.00%, eSim(>=2.5)=0.00%
10.0.0.19,10.0.0.20,,,119,2730,,, eSim(0.01)=95.45%, eSim(0.2)=100.00%, eSim(2.5)=100.00%, eSim(>=2.5)=0.00%
10.0.11.212,10.2.200.33,,,1214,80,,, eSim(0.01)=100.00%, eSim(0.2)=100.00%, eSim(2.5)=100.00%, eSim(>=2.5)=0.00%
10.0.0.16,10.2.182.156,,,80,2186,,, eSim(0.01)=66.67%, eSim(0.2)=66.67%, eSim(2.5)=83.33%, eSim(>=2.5)=16.67%
10.0.0.16,10.2.182.156,,,80,2187,,, eSim(0.01)=0.00%, eSim(0.2)=28.57%, eSim(2.5)=85.71%, eSim(>=2.5)=14.29%
10.0.0.16,10.2.182.156,,,80,2194,,, eSim(0.01)=27.78%, eSim(0.2)=63.89%, eSim(2.5)=100.00%, eSim(>=2.5)=0.00%
10.0.0.42,10.0.1.156,,,45876,25,,, no or not enough (<=2) retransmissions existent
10.0.0.42,10.0.1.156,,,45876,25,,, no or not enough (<=2) retransmissions existent
10.0.3.10,10.0.3.117,,,44691,25,,, eSim(0.01)=0.00%, eSim(0.2)=0.00%, eSim(2.5)=0.00%, eSim(>=2.5)=100.00%
10.1.114.246,10.3.24.146,,,1598,80,,, eSim(0.01)=100.00%, eSim(0.2)=100.00%, eSim(2.5)=100.00%, eSim(>=2.5)=0.00%
10.0.39.133,10.2.181.26,,,1227,38101,,, eSim(0.01)=100.00%, eSim(0.2)=100.00%, eSim(2.5)=100.00%, eSim(>=2.5)=0.00%
10.0.39.133,10.2.181.26,,,1227,38101,,, eSim(0.01)=100.00%, eSim(0.2)=100.00%, eSim(2.5)=100.00%, eSim(>=2.5)=0.00%
10.0.39.133,10.2.181.26,,,1227,38101,,, eSim(0.01)=100.00%, eSim(0.2)=100.00%, eSim(2.5)=100.00%, eSim(>=2.5)=0.00%
10.0.19.84,10.4.104.182,,,4857,6856,,, eSim(0.01)=50.00%, eSim(0.2)=81.67%, eSim(2.5)=100.00%, eSim(>=2.5)=0.00%
10.0.19.84,10.4.104.182,,,4857,6856,,, eSim(0.01)=58.95%, eSim(0.2)=93.68%, eSim(2.5)=100.00%, eSim(>=2.5)=0.00%
10.0.19.84,10.4.104.182,,,4857,6856,,, eSim(0.01)=79.23%, eSim(0.2)=96.72%, eSim(2.5)=100.00%, eSim(>=2.5)=0.00%
10.0.19.84,10.4.104.182,,,4857,6856,,, eSim(0.01)=66.67%, eSim(0.2)=88.10%, eSim(2.5)=100.00%, eSim(>=2.5)=0.00%
10.0.19.84,10.4.104.182,,,4857,6856,,, eSim(0.01)=45.83%, eSim(0.2)=87.50%, eSim(2.5)=100.00%, eSim(>=2.5)=0.00%
10.0.19.84,10.4.104.182,,,4857,6856,,, eSim(0.01)=64.18%, eSim(0.2)=85.07%, eSim(2.5)=100.00%, eSim(>=2.5)=0.00%
10.0.19.84,10.4.104.182,,,4857,6856,,, eSim(0.01)=44.44%, eSim(0.2)=74.07%, eSim(2.5)=96.30%, eSim(>=2.5)=3.70%
10.0.19.84,10.4.104.182,,,4857,6856,,, eSim(0.01)=71.13%, eSim(0.2)=91.75%, eSim(2.5)=100.00%, eSim(>=2.5)=0.00%
10.0.19.84,10.4.104.182,,,4857,6856,,, eSim(0.01)=56.52%, eSim(0.2)=78.26%, eSim(2.5)=100.00%, eSim(>=2.5)=0.00%
10.0.19.84,10.4.104.182,,,4857,6856,,, eSim(0.01)=62.71%, eSim(0.2)=81.36%, eSim(2.5)=100.00%, eSim(>=2.5)=0.00%
10.0.19.84,10.4.104.182,,,4857,6856,,, eSim(0.01)=58.70%, eSim(0.2)=71.74%, eSim(2.5)=100.00%, eSim(>=2.5)=0.00%
10.0.19.84,10.4.104.182,,,4857,6856,,, eSim(0.01)=57.58%, eSim(0.2)=83.33%, eSim(2.5)=100.00%, eSim(>=2.5)=0.00%
10.0.19.84,10.4.104.182,,,4857,6856,,, eSim(0.01)=52.86%, eSim(0.2)=85.71%, eSim(2.5)=100.00%, eSim(>=2.5)=0.00%
10.0.19.84,10.4.104.182,,,4857,6856,,, eSim(0.01)=58.33%, eSim(0.2)=66.67%, eSim(2.5)=100.00%, eSim(>=2.5)=0.00%
10.0.19.84,10.4.104.182,,,4857,6856,,, eSim(0.01)=63.38%, eSim(0.2)=85.92%, eSim(2.5)=100.00%, eSim(>=2.5)=0.00%
10.0.19.84,10.4.104.182,,,4857,6856,,, eSim(0.01)=50.00%, eSim(0.2)=80.43%, eSim(2.5)=97.83%, eSim(>=2.5)=2.17%
10.0.19.84,10.4.104.182,,,4857,6856,,, eSim(0.01)=73.98%, eSim(0.2)=91.87%, eSim(2.5)=100.00%, eSim(>=2.5)=0.00%
10.0.19.84,10.4.104.182,,,4857,6856,,, eSim(0.01)=70.09%, eSim(0.2)=91.59%, eSim(2.5)=100.00%, eSim(>=2.5)=0.00%
10.0.19.84,10.4.104.182,,,4857,6856,,, eSim(0.01)=50.00%, eSim(0.2)=78.57%, eSim(2.5)=100.00%, eSim(>=2.5)=0.00%
10.0.19.84,10.4.104.182,,,4857,6856,,, eSim(0.01)=58.54%, eSim(0.2)=90.24%, eSim(2.5)=100.00%, eSim(>=2.5)=0.00%
10.0.2.110,10.2.54.0,,,80,3983,,, eSim(0.01)=55.81%, eSim(0.2)=76.74%, eSim(2.5)=95.35%, eSim(>=2.5)=4.65%
10.0.2.110,10.2.54.0,,,80,3983,,, eSim(0.01)=55.00%, eSim(0.2)=88.75%, eSim(2.5)=100.00%, eSim(>=2.5)=0.00%
10.1.92.17,10.4.112.76,,,1127,6688,,, eSim(0.01)=96.68%, eSim(0.2)=99.05%, eSim(2.5)=99.91%, eSim(>=2.5)=0.09%
10.1.92.17,10.4.112.76,,,1127,6688,,, eSim(0.01)=97.26%, eSim(0.2)=99.37%, eSim(2.5)=100.00%, eSim(>=2.5)=0.00%
10.1.84.80,10.4.123.128,,,4769,80,,, eSim(0.01)=100.00%, eSim(0.2)=100.00%, eSim(2.5)=100.00%, eSim(>=2.5)=0.00%
10.1.84.80,10.4.123.128,,,4769,80,,, eSim(0.01)=100.00%, eSim(0.2)=100.00%, eSim(2.5)=100.00%, eSim(>=2.5)=0.00%
10.0.29.116,10.1.253.154,,,1048,20,,, eSim(0.01)=100.00%, eSim(0.2)=100.00%, eSim(2.5)=100.00%, eSim(>=2.5)=0.00%
10.0.10.62,10.0.67.96,,,3990,25,,, eSim(0.01)=40.00%, eSim(0.2)=40.00%, eSim(2.5)=100.00%, eSim(>=2.5)=0.00%
10.0.0.19,10.0.0.20,,,119,2730,,, eSim(0.01)=95.72%, eSim(0.2)=99.94%, eSim(2.5)=100.00%, eSim(>=2.5)=0.00%
10.0.0.19,10.0.0.20,,,119,2730,,, eSim(0.01)=95.21%, eSim(0.2)=99.94%, eSim(2.5)=100.00%, eSim(>=2.5)=0.00%
10.0.0.19,10.0.0.20,,,119,2792,,, eSim(0.01)=94.26%, eSim(0.2)=99.87%, eSim(2.5)=100.00%, eSim(>=2.5)=0.00%
10.0.0.19,10.0.0.20,,,119,2792,,, eSim(0.01)=95.92%, eSim(0.2)=100.00%, eSim(2.5)=100.00%, eSim(>=2.5)=0.00%
10.0.0.200,10.2.212.180,,,110,1504,,, eSim(0.01)=35.00%, eSim(0.2)=91.25%, eSim(2.5)=98.75%, eSim(>=2.5)=1.25%
10.0.0.200,10.2.212.180,,,110,1504,,, eSim(0.01)=11.11%, eSim(0.2)=22.22%, eSim(2.5)=88.89%, eSim(>=2.5)=11.11%
10.0.252.94,10.4.108.203,,,1481,6699,,, eSim(0.01)=99.90%, eSim(0.2)=99.90%, eSim(2.5)=99.95%, eSim(>=2.5)=0.05%
10.0.252.94,10.4.110.13,,,6699,1250,,, eSim(0.01)=98.93%, eSim(0.2)=99.61%, eSim(2.5)=100.00%, eSim(>=2.5)=0.00%
10.0.252.94,10.4.110.13,,,6699,1250,,, eSim(0.01)=98.30%, eSim(0.2)=98.96%, eSim(2.5)=99.91%, eSim(>=2.5)=0.09%
10.0.252.94,10.4.110.13,,,6699,1250,,, eSim(0.01)=97.99%, eSim(0.2)=99.04%, eSim(2.5)=100.00%, eSim(>=2.5)=0.00%
10.0.0.42,10.0.28.159,,,25,1069,,, eSim(0.01)=100.00%, eSim(0.2)=100.00%, eSim(2.5)=100.00%, eSim(>=2.5)=0.00%
10.0.0.75,10.1.173.97,,,1787,80,,, eSim(0.01)=100.00%, eSim(0.2)=100.00%, eSim(2.5)=100.00%, eSim(>=2.5)=0.00%
10.0.77.206,10.2.167.223,,,2001,25,,, eSim(0.01)=97.06%, eSim(0.2)=98.53%, eSim(2.5)=99.87%, eSim(>=2.5)=0.13%
10.0.0.27,10.0.5.160,,,7070,1147,,, eSim(0.01)=40.00%, eSim(0.2)=72.00%, eSim(2.5)=100.00%, eSim(>=2.5)=0.00%
10.0.1.112,10.0.79.102,,,2040,25,,, eSim(0.01)=99.30%, eSim(0.2)=99.40%, eSim(2.5)=99.60%, eSim(>=2.5)=0.40%
10.0.1.112,10.0.79.102,,,2040,25,,, eSim(0.01)=100.00%, eSim(0.2)=100.00%, eSim(2.5)=100.00%, eSim(>=2.5)=0.00%
10.0.1.112,10.0.79.102,,,2040,25,,, eSim(0.01)=99.90%, eSim(0.2)=99.90%, eSim(2.5)=99.90%, eSim(>=2.5)=0.10%
10.0.0.195,10.0.130.243,,,110,1028,,, eSim(0.01)=50.00%, eSim(0.2)=50.00%, eSim(2.5)=50.00%, eSim(>=2.5)=50.00%
10.1.92.17,10.4.112.76,,,1127,6688,,, eSim(0.01)=97.22%, eSim(0.2)=99.38%, eSim(2.5)=100.00%, eSim(>=2.5)=0.00%
10.1.92.17,10.4.112.76,,,1127,6688,,, eSim(0.01)=97.48%, eSim(0.2)=99.45%, eSim(2.5)=100.00%, eSim(>=2.5)=0.00%
10.1.92.17,10.4.112.76,,,1127,6688,,, eSim(0.01)=98.07%, eSim(0.2)=99.61%, eSim(2.5)=100.00%, eSim(>=2.5)=0.00%
10.0.249.234,10.1.210.45,,,8802,8993,,, eSim(0.01)=99.53%, eSim(0.2)=99.64%, eSim(2.5)=99.95%, eSim(>=2.5)=0.05%
10.0.249.234,10.1.210.45,,,8802,8993,,, eSim(0.01)=99.79%, eSim(0.2)=99.84%, eSim(2.5)=99.95%, eSim(>=2.5)=0.05%
10.0.28.64,10.1.225.147,,,20,1806,,, eSim(0.01)=100.00%, eSim(0.2)=100.00%, eSim(2.5)=100.00%, eSim(>=2.5)=0.00%
10.0.0.75,10.0.134.187,,,4597,80,,, eSim(0.01)=99.95%, eSim(0.2)=100.00%, eSim(2.5)=100.00%, eSim(>=2.5)=0.00%
10.0.0.75,10.0.134.187,,,1857,80,,, eSim(0.01)=100.00%, eSim(0.2)=100.00%, eSim(2.5)=100.00%, eSim(>=2.5)=0.00%
10.0.0.75,10.0.134.187,,,2433,80,,, eSim(0.01)=99.95%, eSim(0.2)=100.00%, eSim(2.5)=100.00%, eSim(>=2.5)=0.00%
10.0.0.75,10.0.134.187,,,2433,80,,, eSim(0.01)=100.00%, eSim(0.2)=100.00%, eSim(2.5)=100.00%, eSim(>=2.5)=0.00%
10.0.0.75,10.0.134.187,,,2433,80,,, eSim(0.01)=100.00%, eSim(0.2)=100.00%, eSim(2.5)=100.00%, eSim(>=2.5)=0.00%
10.0.5.246,10.0.47.48,,,80,18984,,, eSim(0.01)=34.09%, eSim(0.2)=75.00%, eSim(2.5)=100.00%, eSim(>=2.5)=0.00%
10.0.5.246,10.0.47.48,,,80,18984,,, eSim(0.01)=23.08%, eSim(0.2)=38.46%, eSim(2.5)=92.31%, eSim(>=2.5)=7.69%
10.0.5.246,10.0.47.48,,,80,18984,,, eSim(0.01)=9.09%, eSim(0.2)=18.18%, eSim(2.5)=90.91%, eSim(>=2.5)=9.09%
10.0.10.235,10.1.50.113,,,80,1073,,, eSim(0.01)=77.96%, eSim(0.2)=97.85%, eSim(2.5)=100.00%, eSim(>=2.5)=0.00%
10.0.10.235,10.1.50.113,,,80,1073,,, eSim(0.01)=64.22%, eSim(0.2)=93.58%, eSim(2.5)=100.00%, eSim(>=2.5)=0.00%
10.0.0.75,10.3.24.146,,,3622,80,,, eSim(0.01)=99.90%, eSim(0.2)=99.90%, eSim(2.5)=100.00%, eSim(>=2.5)=0.00%
10.0.85.36,10.1.204.121,,,1195,4070,,, eSim(0.01)=100.00%, eSim(0.2)=100.00%, eSim(2.5)=100.00%, eSim(>=2.5)=0.00%
10.0.85.36,10.1.204.121,,,1195,4070,,, eSim(0.01)=100.00%, eSim(0.2)=100.00%, eSim(2.5)=100.00%, eSim(>=2.5)=0.00%
10.0.0.27,10.0.5.160,,,7070,1147,,, eSim(0.01)=65.38%, eSim(0.2)=76.92%, eSim(2.5)=100.00%, eSim(>=2.5)=0.00%
10.0.11.221,10.1.204.121,,,1463,3743,,, eSim(0.01)=100.00%, eSim(0.2)=100.00%, eSim(2.5)=100.00%, eSim(>=2.5)=0.00%
10.0.132.110,10.4.105.78,,,6699,1630,,, eSim(0.01)=100.00%, eSim(0.2)=100.00%, eSim(2.5)=100.00%, eSim(>=2.5)=0.00%
10.0.79.202,10.4.115.148,,,6699,13108,,, eSim(0.01)=100.00%, eSim(0.2)=100.00%, eSim(2.5)=100.00%, eSim(>=2.5)=0.00%
10.0.79.202,10.4.115.148,,,6699,13108,,, eSim(0.01)=100.00%, eSim(0.2)=100.00%, eSim(2.5)=100.00%, eSim(>=2.5)=0.00%
10.0.79.202,10.4.115.148,,,6699,13108,,, eSim(0.01)=100.00%, eSim(0.2)=100.00%, eSim(2.5)=100.00%, eSim(>=2.5)=0.00%
10.0.2.110,10.1.208.21,,,80,1083,,, eSim(0.01)=32.65%, eSim(0.2)=75.51%, eSim(2.5)=100.00%, eSim(>=2.5)=0.00%
10.0.2.110,10.1.208.21,,,80,1083,,, eSim(0.01)=24.49%, eSim(0.2)=71.43%, eSim(2.5)=100.00%, eSim(>=2.5)=0.00%
10.0.2.110,10.1.208.21,,,80,1083,,, eSim(0.01)=16.67%, eSim(0.2)=62.50%, eSim(2.5)=100.00%, eSim(>=2.5)=0.00%
10.0.2.110,10.1.208.21,,,80,1083,,, eSim(0.01)=0.00%, eSim(0.2)=50.00%, eSim(2.5)=100.00%, eSim(>=2.5)=0.00%
10.0.1.47,10.0.3.74,,,7070,3529,,, eSim(0.01)=60.61%, eSim(0.2)=84.85%, eSim(2.5)=100.00%, eSim(>=2.5)=0.00%
10.0.0.34,10.1.69.22,,,20,1445,,, eSim(0.01)=30.95%, eSim(0.2)=76.19%, eSim(2.5)=100.00%, eSim(>=2.5)=0.00%
10.0.204.110,10.1.217.181,,,1408,25,,, eSim(0.01)=82.61%, eSim(0.2)=87.83%, eSim(2.5)=100.00%, eSim(>=2.5)=0.00%
10.3.78.124,10.4.115.153,,,6699,1316,,, eSim(0.01)=92.37%, eSim(0.2)=98.04%, eSim(2.5)=99.78%, eSim(>=2.5)=0.22%
10.3.78.124,10.4.115.153,,,6699,1316,,, eSim(0.01)=91.10%, eSim(0.2)=98.63%, eSim(2.5)=99.77%, eSim(>=2.5)=0.23%
10.0.1.112,10.2.72.13,,,2128,25,,, eSim(0.01)=99.12%, eSim(0.2)=99.22%, eSim(2.5)=99.71%, eSim(>=2.5)=0.29%
10.0.1.112,10.2.72.13,,,2128,25,,, eSim(0.01)=99.51%, eSim(0.2)=99.61%, eSim(2.5)=100.00%, eSim(>=2.5)=0.00%
10.0.11.3,10.2.182.50,,,80,2733,,, eSim(0.01)=16.67%, eSim(0.2)=38.89%, eSim(2.5)=94.44%, eSim(>=2.5)=5.56%
10.0.13.121,10.4.113.83,,,80,1055,,, eSim(0.01)=77.78%, eSim(0.2)=81.48%, eSim(2.5)=96.30%, eSim(>=2.5)=3.70%
10.0.13.121,10.4.113.83,,,80,1055,,, eSim(0.01)=85.37%, eSim(0.2)=90.24%, eSim(2.5)=97.56%, eSim(>=2.5)=2.44%
10.0.10.235,10.1.232.10,,,80,2350,,, eSim(0.01)=76.92%, eSim(0.2)=84.62%, eSim(2.5)=92.31%, eSim(>=2.5)=7.69%
10.0.10.9,10.3.45.29,,,80,1563,,, eSim(0.01)=72.22%, eSim(0.2)=77.78%, eSim(2.5)=97.22%, eSim(>=2.5)=2.78%
10.0.10.9,10.3.45.29,,,80,1563,,, eSim(0.01)=91.28%, eSim(0.2)=93.85%, eSim(2.5)=100.00%, eSim(>=2.5)=0.00%
10.0.12.233,10.0.215.140,,,80,1169,,, eSim(0.01)=56.86%, eSim(0.2)=84.31%, eSim(2.5)=98.04%, eSim(>=2.5)=1.96%
10.0.12.233,10.0.215.140,,,80,1169,,, eSim(0.01)=61.54%, eSim(0.2)=87.18%, eSim(2.5)=100.00%, eSim(>=2.5)=0.00%
10.1.92.17,10.4.103.236,,,1115,6699,,, eSim(0.01)=97.87%, eSim(0.2)=99.29%, eSim(2.5)=99.84%, eSim(>=2.5)=0.16%
10.0.0.75,10.4.101.207,,,1790,44692,,, eSim(0.01)=100.00%, eSim(0.2)=100.00%, eSim(2.5)=100.00%, eSim(>=2.5)=0.00%
10.0.99.186,10.4.106.201,,,4204,80,,, eSim(0.01)=100.00%, eSim(0.2)=100.00%, eSim(2.5)=100.00%, eSim(>=2.5)=0.00%
10.0.99.186,10.4.106.201,,,4204,80,,, eSim(0.01)=100.00%, eSim(0.2)=100.00%, eSim(2.5)=100.00%, eSim(>=2.5)=0.00%
10.0.0.203,10.0.13.193,,,25,4046,,, eSim(0.01)=100.00%, eSim(0.2)=100.00%, eSim(2.5)=100.00%, eSim(>=2.5)=0.00%
10.0.39.133,10.2.113.124,,,1109,63226,,, eSim(0.01)=100.00%, eSim(0.2)=100.00%, eSim(2.5)=100.00%, eSim(>=2.5)=0.00%
10.2.184.184,10.3.129.157,,,2292,34072,,, eSim(0.01)=100.00%, eSim(0.2)=100.00%, eSim(2.5)=100.00%, eSim(>=2.5)=0.00%
10.2.184.184,10.3.129.157,,,2292,34072,,, eSim(0.01)=100.00%, eSim(0.2)=100.00%, eSim(2.5)=100.00%, eSim(>=2.5)=0.00%
10.2.184.184,10.3.129.157,,,2292,34072,,, eSim(0.01)=100.00%, eSim(0.2)=100.00%, eSim(2.5)=100.00%, eSim(>=2.5)=0.00%
10.0.2.110,10.4.175.136,,,80,1163,,, eSim(0.01)=75.00%, eSim(0.2)=80.00%, eSim(2.5)=98.33%, eSim(>=2.5)=1.67%
10.0.2.110,10.4.175.136,,,80,1163,,, eSim(0.01)=77.78%, eSim(0.2)=77.78%, eSim(2.5)=100.00%, eSim(>=2.5)=0.00%
10.1.92.17,10.4.99.104,,,1070,6699,,, eSim(0.01)=99.95%, eSim(0.2)=99.95%, eSim(2.5)=99.95%, eSim(>=2.5)=0.05%
10.1.92.17,10.4.99.104,,,1070,6699,,, eSim(0.01)=100.00%, eSim(0.2)=100.00%, eSim(2.5)=100.00%, eSim(>=2.5)=0.00%
10.1.92.17,10.4.99.104,,,1070,6699,,, eSim(0.01)=100.00%, eSim(0.2)=100.00%, eSim(2.5)=100.00%, eSim(>=2.5)=0.00%
10.0.203.22,10.4.107.253,,,1046,6700,,, eSim(0.01)=99.90%, eSim(0.2)=99.90%, eSim(2.5)=99.95%, eSim(>=2.5)=0.05%
10.0.1.8,10.3.106.10,,,80,36679,,, eSim(0.01)=81.41%, eSim(0.2)=95.48%, eSim(2.5)=100.00%, eSim(>=2.5)=0.00%
10.0.12.233,10.2.213.131,,,80,1216,,, eSim(0.01)=0.00%, eSim(0.2)=0.00%, eSim(2.5)=0.00%, eSim(>=2.5)=100.00%
10.0.1.112,10.0.79.102,,,25,4148,,, eSim(0.01)=99.75%, eSim(0.2)=99.80%, eSim(2.5)=99.95%, eSim(>=2.5)=0.05%
10.0.1.112,10.0.79.102,,,25,4148,,, eSim(0.01)=100.00%, eSim(0.2)=100.00%, eSim(2.5)=100.00%, eSim(>=2.5)=0.00%
10.0.0.75,10.3.255.116,,,4105,80,,, eSim(0.01)=100.00%, eSim(0.2)=100.00%, eSim(2.5)=100.00%, eSim(>=2.5)=0.00%
10.0.0.75,10.3.255.116,,,4105,80,,, eSim(0.01)=100.00%, eSim(0.2)=100.00%, eSim(2.5)=100.00%, eSim(>=2.5)=0.00%
10.1.149.163,10.1.192.149,,,4000,1048,,, eSim(0.01)=52.08%, eSim(0.2)=97.40%, eSim(2.5)=99.48%, eSim(>=2.5)=0.52%
10.3.86.181,10.4.104.92,,,1067,56185,,, eSim(0.01)=100.00%, eSim(0.2)=100.00%, eSim(2.5)=100.00%, eSim(>=2.5)=0.00%
10.0.203.22,10.4.100.103,,,1051,6688,,, eSim(0.01)=99.90%, eSim(0.2)=99.90%, eSim(2.5)=99.95%, eSim(>=2.5)=0.05%
10.0.203.22,10.4.100.103,,,1051,6688,,, eSim(0.01)=100.00%, eSim(0.2)=100.00%, eSim(2.5)=100.00%, eSim(>=2.5)=0.00%
10.0.203.22,10.4.100.103,,,1051,6688,,, eSim(0.01)=100.00%, eSim(0.2)=100.00%, eSim(2.5)=100.00%, eSim(>=2.5)=0.00%
10.0.39.133,10.2.113.124,,,1109,63226,,, eSim(0.01)=100.00%, eSim(0.2)=100.00%, eSim(2.5)=100.00%, eSim(>=2.5)=0.00%
10.0.19.84,10.4.104.182,,,4857,6856,,, eSim(0.01)=63.81%, eSim(0.2)=91.43%, eSim(2.5)=100.00%, eSim(>=2.5)=0.00%
10.0.4.18,10.2.182.156,,,80,2179,,, eSim(0.01)=25.00%, eSim(0.2)=50.00%, eSim(2.5)=95.00%, eSim(>=2.5)=5.00%
10.0.4.18,10.2.182.156,,,80,2180,,, eSim(0.01)=0.00%, eSim(0.2)=0.00%, eSim(2.5)=80.00%, eSim(>=2.5)=20.00%
10.0.4.18,10.2.182.156,,,80,2184,,, eSim(0.01)=10.00%, eSim(0.2)=50.00%, eSim(2.5)=80.00%, eSim(>=2.5)=20.00%
10.0.4.18,10.2.182.156,,,80,2193,,, eSim(0.01)=0.00%, eSim(0.2)=0.00%, eSim(2.5)=83.33%, eSim(>=2.5)=16.67%
10.0.4.18,10.2.182.156,,,80,2207,,, eSim(0.01)=25.00%, eSim(0.2)=25.00%, eSim(2.5)=87.50%, eSim(>=2.5)=12.50%
10.0.34.104,10.1.165.149,,,1457,80,,, eSim(0.01)=100.00%, eSim(0.2)=100.00%, eSim(2.5)=100.00%, eSim(>=2.5)=0.00%
10.0.34.104,10.1.165.149,,,1457,80,,, eSim(0.01)=100.00%, eSim(0.2)=100.00%, eSim(2.5)=100.00%, eSim(>=2.5)=0.00%
10.0.30.68,10.2.39.168,,,1546,80,,, eSim(0.01)=99.95%, eSim(0.2)=99.95%, eSim(2.5)=99.95%, eSim(>=2.5)=0.05%
10.1.62.222,10.4.211.162,,,3717,1110,,, eSim(0.01)=100.00%, eSim(0.2)=100.00%, eSim(2.5)=100.00%, eSim(>=2.5)=0.00%
10.0.0.118,10.0.11.250,,,25,2473,,, eSim(0.01)=100.00%, eSim(0.2)=100.00%, eSim(2.5)=100.00%, eSim(>=2.5)=0.00%
10.0.131.78,10.2.102.28,,,1302,3976,,, eSim(0.01)=95.66%, eSim(0.2)=99.33%, eSim(2.5)=100.00%, eSim(>=2.5)=0.00%
10.0.252.94,10.4.108.206,,,1496,6688,,, eSim(0.01)=100.00%, eSim(0.2)=100.00%, eSim(2.5)=100.00%, eSim(>=2.5)=0.00%
10.0.252.94,10.4.108.206,,,1496,6688,,, eSim(0.01)=100.00%, eSim(0.2)=100.00%, eSim(2.5)=100.00%, eSim(>=2.5)=0.00%
10.0.234.199,10.2.220.28,,,5631,1181,,, eSim(0.01)=80.71%, eSim(0.2)=98.74%, eSim(2.5)=100.00%, eSim(>=2.5)=0.00%
10.0.234.199,10.2.220.28,,,5631,1181,,, eSim(0.01)=78.97%, eSim(0.2)=99.45%, eSim(2.5)=100.00%, eSim(>=2.5)=0.00%
10.0.12.233,10.2.22.54,,,80,2677,,, eSim(0.01)=16.67%, eSim(0.2)=50.00%, eSim(2.5)=66.67%, eSim(>=2.5)=33.33%
10.1.121.17,10.2.203.76,,,1526,1032,,, eSim(0.01)=100.00%, eSim(0.2)=100.00%, eSim(2.5)=100.00%, eSim(>=2.5)=0.00%
10.1.121.17,10.2.203.76,,,1526,1032,,, eSim(0.01)=100.00%, eSim(0.2)=100.00%, eSim(2.5)=100.00%, eSim(>=2.5)=0.00%
10.0.14.32,10.0.14.33,,,2694,25,,, eSim(0.01)=42.59%, eSim(0.2)=72.22%, eSim(2.5)=100.00%, eSim(>=2.5)=0.00%
10.0.0.27,10.0.5.160,,,7070,1147,,, eSim(0.01)=50.00%, eSim(0.2)=80.00%, eSim(2.5)=95.00%, eSim(>=2.5)=5.00%
10.0.0.27,10.0.5.160,,,7070,1147,,, eSim(0.01)=57.14%, eSim(0.2)=73.81%, eSim(2.5)=97.62%, eSim(>=2.5)=2.38%
10.0.2.110,10.2.116.131,,,80,1377,,, eSim(0.01)=85.14%, eSim(0.2)=97.30%, eSim(2.5)=99.66%, eSim(>=2.5)=0.34%
10.0.2.110,10.2.116.131,,,80,1377,,, eSim(0.01)=82.08%, eSim(0.2)=95.75%, eSim(2.5)=99.53%, eSim(>=2.5)=0.47%
10.0.7.104,10.0.61.214,,,55664,20,,, eSim(0.01)=75.93%, eSim(0.2)=94.91%, eSim(2.5)=100.00%, eSim(>=2.5)=0.00%
10.0.7.104,10.0.61.214,,,55664,20,,, eSim(0.01)=76.53%, eSim(0.2)=94.90%, eSim(2.5)=100.00%, eSim(>=2.5)=0.00%
10.0.7.104,10.0.61.214,,,55664,20,,, eSim(0.01)=78.45%, eSim(0.2)=95.03%, eSim(2.5)=100.00%, eSim(>=2.5)=0.00%
10.0.7.104,10.0.61.214,,,55664,20,,, eSim(0.01)=64.71%, eSim(0.2)=90.76%, eSim(2.5)=100.00%, eSim(>=2.5)=0.00%
10.0.7.104,10.0.61.214,,,55664,20,,, eSim(0.01)=76.42%, eSim(0.2)=90.24%, eSim(2.5)=100.00%, eSim(>=2.5)=0.00%
10.0.193.246,10.5.4.12,,,1057,80,,, eSim(0.01)=100.00%, eSim(0.2)=100.00%, eSim(2.5)=100.00%, eSim(>=2.5)=0.00%
10.0.193.246,10.5.4.12,,,1057,80,,, eSim(0.01)=100.00%, eSim(0.2)=100.00%, eSim(2.5)=100.00%, eSim(>=2.5)=0.00%
10.0.193.246,10.5.4.12,,,1057,80,,, eSim(0.01)=100.00%, eSim(0.2)=100.00%, eSim(2.5)=100.00%, eSim(>=2.5)=0.00%
10.0.0.85,10.0.164.129,,,6667,1053,,, eSim(0.01)=0.00%, eSim(0.2)=30.77%, eSim(2.5)=84.62%, eSim(>=2.5)=15.38%
10.0.4.250,10.0.175.77,,,61980,80,,, eSim(0.01)=100.00%, eSim(0.2)=100.00%, eSim(2.5)=100.00%, eSim(>=2.5)=0.00%
10.1.92.5,10.1.199.211,,,1408,80,,, eSim(0.01)=99.95%, eSim(0.2)=99.95%, eSim(2.5)=99.95%, eSim(>=2.5)=0.05%
10.0.2.107,10.0.147.253,,,80,1090,,, eSim(0.01)=82.61%, eSim(0.2)=82.61%, eSim(2.5)=91.30%, eSim(>=2.5)=8.70%
10.0.1.164,10.0.25.58,,,25969,25,,, eSim(0.01)=16.67%, eSim(0.2)=25.00%, eSim(2.5)=91.67%, eSim(>=2.5)=8.33%
10.0.0.219,10.0.251.242,,,80,1047,,, no or not enough (<=2) retransmissions existent
10.0.0.219,10.0.251.242,,,80,1047,,, no or not enough (<=2) retransmissions existent
10.0.0.219,10.0.251.242,,,80,1047,,, eSim(0.01)=69.23%, eSim(0.2)=69.23%, eSim(2.5)=100.00%, eSim(>=2.5)=0.00%
10.0.30.68,10.2.39.168,,,1542,80,,, eSim(0.01)=100.00%, eSim(0.2)=100.00%, eSim(2.5)=100.00%, eSim(>=2.5)=0.00%
10.3.78.124,10.4.104.217,,,6699,1039,,, eSim(0.01)=99.26%, eSim(0.2)=99.47%, eSim(2.5)=100.00%, eSim(>=2.5)=0.00%
10.0.1.47,10.0.3.74,,,7070,3529,,, eSim(0.01)=78.05%, eSim(0.2)=92.68%, eSim(2.5)=100.00%, eSim(>=2.5)=0.00%
10.0.1.47,10.0.3.74,,,7070,3529,,, eSim(0.01)=84.21%, eSim(0.2)=94.74%, eSim(2.5)=100.00%, eSim(>=2.5)=0.00%
10.0.2.107,10.3.235.96,,,80,1119,,, no or not enough (<=2) retransmissions existent
10.0.2.107,10.3.235.96,,,80,1119,,, eSim(0.01)=83.33%, eSim(0.2)=83.33%, eSim(2.5)=100.00%, eSim(>=2.5)=0.00%
10.0.2.107,10.3.235.96,,,80,1119,,, eSim(0.01)=83.33%, eSim(0.2)=83.33%, eSim(2.5)=100.00%, eSim(>=2.5)=0.00%
10.0.2.107,10.3.235.96,,,80,1119,,, no or not enough (<=2) retransmissions existent
10.0.2.107,10.3.235.96,,,80,1119,,, eSim(0.01)=80.00%, eSim(0.2)=80.00%, eSim(2.5)=100.00%, eSim(>=2.5)=0.00%
10.0.2.107,10.3.235.96,,,80,1119,,, no or not enough (<=2) retransmissions existent
10.0.2.107,10.3.235.96,,,80,1119,,, no or not enough (<=2) retransmissions existent
10.0.2.107,10.3.235.96,,,80,1119,,, no or not enough (<=2) retransmissions existent
10.0.2.107,10.3.235.96,,,80,1119,,, no or not enough (<=2) retransmissions existent
10.0.2.107,10.3.235.96,,,80,1119,,, no or not enough (<=2) retransmissions existent
10.0.19.84,10.4.104.182,,,4857,6856,,, eSim(0.01)=61.80%, eSim(0.2)=87.64%, eSim(2.5)=100.00%, eSim(>=2.5)=0.00%
10.0.19.84,10.4.104.182,,,4857,6856,,, eSim(0.01)=60.67%, eSim(0.2)=86.52%, eSim(2.5)=100.00%, eSim(>=2.5)=0.00%
10.0.19.84,10.4.104.182,,,4857,6856,,, eSim(0.01)=61.00%, eSim(0.2)=92.00%, eSim(2.5)=100.00%, eSim(>=2.5)=0.00%
10.0.19.84,10.4.104.182,,,4857,6856,,, eSim(0.01)=65.42%, eSim(0.2)=93.46%, eSim(2.5)=100.00%, eSim(>=2.5)=0.00%
10.0.19.84,10.4.104.182,,,4857,6856,,, eSim(0.01)=63.81%, eSim(0.2)=92.38%, eSim(2.5)=100.00%, eSim(>=2.5)=0.00%
10.0.19.84,10.4.104.182,,,4857,6856,,, eSim(0.01)=76.62%, eSim(0.2)=87.01%, eSim(2.5)=100.00%, eSim(>=2.5)=0.00%
10.0.19.84,10.4.104.182,,,4857,6856,,, eSim(0.01)=15.38%, eSim(0.2)=30.77%, eSim(2.5)=92.31%, eSim(>=2.5)=7.69%
10.0.19.84,10.4.104.182,,,4857,6856,,, eSim(0.01)=35.29%, eSim(0.2)=58.82%, eSim(2.5)=94.12%, eSim(>=2.5)=5.88%
10.0.19.84,10.4.104.182,,,4857,6856,,, eSim(0.01)=71.05%, eSim(0.2)=90.79%, eSim(2.5)=98.68%, eSim(>=2.5)=1.32%
10.0.19.84,10.4.104.182,,,4857,6856,,, eSim(0.01)=77.46%, eSim(0.2)=90.14%, eSim(2.5)=98.59%, eSim(>=2.5)=1.41%
10.0.19.84,10.4.104.182,,,4857,6856,,, eSim(0.01)=69.05%, eSim(0.2)=89.29%, eSim(2.5)=100.00%, eSim(>=2.5)=0.00%
10.0.19.84,10.4.104.182,,,4857,6856,,, eSim(0.01)=57.69%, eSim(0.2)=80.77%, eSim(2.5)=92.31%, eSim(>=2.5)=7.69%
10.0.19.84,10.4.104.182,,,4857,6856,,, eSim(0.01)=84.26%, eSim(0.2)=91.67%, eSim(2.5)=99.07%, eSim(>=2.5)=0.93%
10.0.19.84,10.4.104.182,,,4857,6856,,, eSim(0.01)=63.33%, eSim(0.2)=85.00%, eSim(2.5)=100.00%, eSim(>=2.5)=0.00%
10.0.19.84,10.4.104.182,,,4857,6856,,, eSim(0.01)=20.00%, eSim(0.2)=50.00%, eSim(2.5)=95.00%, eSim(>=2.5)=5.00%
10.0.19.84,10.4.104.182,,,4857,6856,,, eSim(0.01)=64.71%, eSim(0.2)=73.53%, eSim(2.5)=94.12%, eSim(>=2.5)=5.88%
10.0.19.84,10.4.104.182,,,4857,6856,,, eSim(0.01)=20.00%, eSim(0.2)=40.00%, eSim(2.5)=40.00%, eSim(>=2.5)=60.00%
10.0.19.84,10.4.104.182,,,4857,6856,,, eSim(0.01)=7.69%, eSim(0.2)=30.77%, eSim(2.5)=92.31%, eSim(>=2.5)=7.69%
10.0.19.84,10.4.104.182,,,4857,6856,,, eSim(0.01)=40.00%, eSim(0.2)=60.00%, eSim(2.5)=95.00%, eSim(>=2.5)=5.00%
10.0.19.84,10.4.104.182,,,4857,6856,,, eSim(0.01)=11.11%, eSim(0.2)=55.56%, eSim(2.5)=88.89%, eSim(>=2.5)=11.11%
10.0.19.84,10.4.104.182,,,4857,6856,,, eSim(0.01)=61.54%, eSim(0.2)=74.36%, eSim(2.5)=100.00%, eSim(>=2.5)=0.00%
10.0.19.84,10.4.104.182,,,4857,6856,,, eSim(0.01)=73.91%, eSim(0.2)=73.91%, eSim(2.5)=91.30%, eSim(>=2.5)=8.70%
10.0.0.75,10.3.24.146,,,2990,80,,, eSim(0.01)=100.00%, eSim(0.2)=100.00%, eSim(2.5)=100.00%, eSim(>=2.5)=0.00%
10.0.0.75,10.3.24.146,,,2159,80,,, eSim(0.01)=99.90%, eSim(0.2)=100.00%, eSim(2.5)=100.00%, eSim(>=2.5)=0.00%
10.0.0.75,10.3.24.146,,,2159,80,,, eSim(0.01)=100.00%, eSim(0.2)=100.00%, eSim(2.5)=100.00%, eSim(>=2.5)=0.00%
10.0.0.75,10.3.24.146,,,3931,80,,, eSim(0.01)=100.00%, eSim(0.2)=100.00%, eSim(2.5)=100.00%, eSim(>=2.5)=0.00%
10.0.0.34,10.1.69.22,,,20,1448,,, eSim(0.01)=13.33%, eSim(0.2)=80.00%, eSim(2.5)=100.00%, eSim(>=2.5)=0.00%
10.1.84.80,10.4.123.128,,,4769,80,,, eSim(0.01)=100.00%, eSim(0.2)=100.00%, eSim(2.5)=100.00%, eSim(>=2.5)=0.00%
10.1.84.80,10.4.123.128,,,4769,80,,, eSim(0.01)=100.00%, eSim(0.2)=100.00%, eSim(2.5)=100.00%, eSim(>=2.5)=0.00%
10.0.68.89,10.0.146.101,,,6699,1086,,, eSim(0.01)=100.00%, eSim(0.2)=100.00%, eSim(2.5)=100.00%, eSim(>=2.5)=0.00%
10.0.193.246,10.5.4.12,,,1057,80,,, eSim(0.01)=100.00%, eSim(0.2)=100.00%, eSim(2.5)=100.00%, eSim(>=2.5)=0.00%
10.0.193.246,10.5.4.12,,,1057,80,,, eSim(0.01)=100.00%, eSim(0.2)=100.00%, eSim(2.5)=100.00%, eSim(>=2.5)=0.00%
10.0.193.246,10.5.4.12,,,1057,80,,, eSim(0.01)=100.00%, eSim(0.2)=100.00%, eSim(2.5)=100.00%, eSim(>=2.5)=0.00%
10.1.121.17,10.2.203.76,,,1586,23462,,, eSim(0.01)=100.00%, eSim(0.2)=100.00%, eSim(2.5)=100.00%, eSim(>=2.5)=0.00%
10.1.121.17,10.2.203.76,,,1608,1040,,, eSim(0.01)=100.00%, eSim(0.2)=100.00%, eSim(2.5)=100.00%, eSim(>=2.5)=0.00%
10.0.1.164,10.0.25.58,,,22548,25,,, eSim(0.01)=0.00%, eSim(0.2)=25.00%, eSim(2.5)=75.00%, eSim(>=2.5)=25.00%
10.0.12.233,10.1.134.91,,,80,1405,,, eSim(0.01)=41.18%, eSim(0.2)=58.82%, eSim(2.5)=88.24%, eSim(>=2.5)=11.76%
10.0.11.221,10.1.204.121,,,1463,3743,,, eSim(0.01)=100.00%, eSim(0.2)=100.00%, eSim(2.5)=100.00%, eSim(>=2.5)=0.00%
10.0.11.221,10.1.204.121,,,1463,3743,,, eSim(0.01)=100.00%, eSim(0.2)=100.00%, eSim(2.5)=100.00%, eSim(>=2.5)=0.00%
10.0.31.161,10.1.247.223,,,21676,80,,, eSim(0.01)=100.00%, eSim(0.2)=100.00%, eSim(2.5)=100.00%, eSim(>=2.5)=0.00%
10.0.31.161,10.1.247.223,,,21676,80,,, eSim(0.01)=100.00%, eSim(0.2)=100.00%, eSim(2.5)=100.00%, eSim(>=2.5)=0.00%
10.0.31.161,10.1.247.223,,,21676,80,,, eSim(0.01)=100.00%, eSim(0.2)=100.00%, eSim(2.5)=100.00%, eSim(>=2.5)=0.00%
10.0.31.161,10.1.247.223,,,21820,80,,, eSim(0.01)=100.00%, eSim(0.2)=100.00%, eSim(2.5)=100.00%, eSim(>=2.5)=0.00%
10.1.92.20,10.4.97.203,,,1113,6699,,, eSim(0.01)=100.00%, eSim(0.2)=100.00%, eSim(2.5)=100.00%, eSim(>=2.5)=0.00%
10.0.2.107,10.0.217.178,,,80,2367,,, eSim(0.01)=0.00%, eSim(0.2)=0.00%, eSim(2.5)=50.00%, eSim(>=2.5)=50.00%
10.0.2.53,10.1.27.100,,,50642,20,,, eSim(0.01)=23.33%, eSim(0.2)=70.00%, eSim(2.5)=100.00%, eSim(>=2.5)=0.00%
10.0.2.53,10.1.27.100,,,50642,20,,, eSim(0.01)=16.67%, eSim(0.2)=38.89%, eSim(2.5)=100.00%, eSim(>=2.5)=0.00%
10.0.2.53,10.1.27.100,,,50642,20,,, eSim(0.01)=0.00%, eSim(0.2)=0.00%, eSim(2.5)=100.00%, eSim(>=2.5)=0.00%
10.0.2.53,10.1.27.100,,,50642,20,,, no or not enough (<=2) retransmissions existent
10.0.2.53,10.1.27.100,,,50642,20,,, eSim(0.01)=16.67%, eSim(0.2)=50.00%, eSim(2.5)=75.00%, eSim(>=2.5)=25.00%
10.0.2.53,10.1.27.100,,,50642,20,,, eSim(0.01)=33.33%, eSim(0.2)=44.44%, eSim(2.5)=88.89%, eSim(>=2.5)=11.11%
10.0.2.53,10.1.27.100,,,50642,20,,, eSim(0.01)=22.22%, eSim(0.2)=80.00%, eSim(2.5)=100.00%, eSim(>=2.5)=0.00%
10.0.2.53,10.1.27.100,,,50642,20,,, eSim(0.01)=26.56%, eSim(0.2)=92.19%, eSim(2.5)=100.00%, eSim(>=2.5)=0.00%
10.0.2.53,10.1.27.100,,,50642,20,,, eSim(0.01)=25.00%, eSim(0.2)=58.33%, eSim(2.5)=100.00%, eSim(>=2.5)=0.00%
10.0.2.53,10.1.27.100,,,50642,20,,, eSim(0.01)=24.24%, eSim(0.2)=75.76%, eSim(2.5)=100.00%, eSim(>=2.5)=0.00%
10.0.2.53,10.1.27.100,,,50642,20,,, eSim(0.01)=52.44%, eSim(0.2)=90.24%, eSim(2.5)=100.00%, eSim(>=2.5)=0.00%
10.0.2.53,10.1.27.100,,,50642,20,,, no or not enough (<=2) retransmissions existent
10.0.2.53,10.1.27.100,,,50642,20,,, eSim(0.01)=0.00%, eSim(0.2)=0.00%, eSim(2.5)=100.00%, eSim(>=2.5)=0.00%
10.0.10.235,10.1.50.113,,,80,1073,,, eSim(0.01)=77.78%, eSim(0.2)=97.08%, eSim(2.5)=100.00%, eSim(>=2.5)=0.00%
10.0.10.235,10.1.50.113,,,80,1073,,, eSim(0.01)=85.11%, eSim(0.2)=97.02%, eSim(2.5)=100.00%, eSim(>=2.5)=0.00%
10.0.2.53,10.1.27.100,,,38410,20,,, eSim(0.01)=23.08%, eSim(0.2)=79.49%, eSim(2.5)=100.00%, eSim(>=2.5)=0.00%
10.0.2.53,10.1.27.100,,,38410,20,,, eSim(0.01)=35.94%, eSim(0.2)=84.38%, eSim(2.5)=98.44%, eSim(>=2.5)=1.56%
10.0.2.53,10.1.27.100,,,38410,20,,, eSim(0.01)=31.67%, eSim(0.2)=88.33%, eSim(2.5)=100.00%, eSim(>=2.5)=0.00%
10.0.2.53,10.1.27.100,,,44381,20,,, eSim(0.01)=25.00%, eSim(0.2)=33.33%, eSim(2.5)=91.67%, eSim(>=2.5)=8.33%
10.0.2.53,10.1.27.100,,,44381,20,,, eSim(0.01)=0.00%, eSim(0.2)=50.00%, eSim(2.5)=66.67%, eSim(>=2.5)=33.33%
10.0.2.53,10.1.27.100,,,44381,20,,, eSim(0.01)=25.00%, eSim(0.2)=55.00%, eSim(2.5)=100.00%, eSim(>=2.5)=0.00%
10.0.2.53,10.1.27.100,,,44381,20,,, eSim(0.01)=0.00%, eSim(0.2)=35.29%, eSim(2.5)=100.00%, eSim(>=2.5)=0.00%
10.0.2.53,10.1.27.100,,,44381,20,,, eSim(0.01)=0.00%, eSim(0.2)=33.33%, eSim(2.5)=83.33%, eSim(>=2.5)=16.67%
10.0.2.53,10.1.27.100,,,44381,20,,, eSim(0.01)=21.43%, eSim(0.2)=57.14%, eSim(2.5)=100.00%, eSim(>=2.5)=0.00%
10.0.2.53,10.1.27.100,,,44381,20,,, eSim(0.01)=0.00%, eSim(0.2)=0.00%, eSim(2.5)=87.50%, eSim(>=2.5)=12.50%
10.0.2.53,10.1.27.100,,,44381,20,,, eSim(0.01)=14.71%, eSim(0.2)=67.65%, eSim(2.5)=100.00%, eSim(>=2.5)=0.00%
10.0.1.66,10.0.136.46,,,25,1079,,, eSim(0.01)=100.00%, eSim(0.2)=100.00%, eSim(2.5)=100.00%, eSim(>=2.5)=0.00%
10.0.0.34,10.1.69.22,,,20,1444,,, eSim(0.01)=27.78%, eSim(0.2)=69.44%, eSim(2.5)=100.00%, eSim(>=2.5)=0.00%
10.0.2.54,10.0.14.36,,,80,1256,,, eSim(0.01)=72.92%, eSim(0.2)=87.50%, eSim(2.5)=100.00%, eSim(>=2.5)=0.00%
10.0.2.54,10.0.14.36,,,80,1256,,, eSim(0.01)=67.11%, eSim(0.2)=81.58%, eSim(2.5)=100.00%, eSim(>=2.5)=0.00%
10.3.86.181,10.4.104.92,,,1067,56185,,, eSim(0.01)=100.00%, eSim(0.2)=100.00%, eSim(2.5)=100.00%, eSim(>=2.5)=0.00%
10.3.86.181,10.4.104.92,,,1067,56185,,, eSim(0.01)=100.00%, eSim(0.2)=100.00%, eSim(2.5)=100.00%, eSim(>=2.5)=0.00%
10.3.86.181,10.4.104.92,,,1067,56185,,, eSim(0.01)=100.00%, eSim(0.2)=100.00%, eSim(2.5)=100.00%, eSim(>=2.5)=0.00%
10.3.86.181,10.4.104.92,,,1067,56185,,, eSim(0.01)=100.00%, eSim(0.2)=100.00%, eSim(2.5)=100.00%, eSim(>=2.5)=0.00%
10.0.40.171,10.1.69.64,,,1328,41278,,, eSim(0.01)=100.00%, eSim(0.2)=100.00%, eSim(2.5)=100.00%, eSim(>=2.5)=0.00%
10.0.40.171,10.1.69.64,,,1328,41278,,, eSim(0.01)=100.00%, eSim(0.2)=100.00%, eSim(2.5)=100.00%, eSim(>=2.5)=0.00%
10.0.40.171,10.1.69.64,,,1328,41278,,, eSim(0.01)=100.00%, eSim(0.2)=100.00%, eSim(2.5)=100.00%, eSim(>=2.5)=0.00%
10.1.165.29,10.4.108.221,,,64010,27391,,, eSim(0.01)=23.53%, eSim(0.2)=35.29%, eSim(2.5)=100.00%, eSim(>=2.5)=0.00%
10.0.5.107,10.0.47.48,,,80,18633,,, no or not enough (<=2) retransmissions existent
10.0.5.107,10.0.47.48,,,80,18633,,, eSim(0.01)=29.41%, eSim(0.2)=70.59%, eSim(2.5)=100.00%, eSim(>=2.5)=0.00%
10.0.0.176,10.1.181.139,,,443,1427,,, eSim(0.01)=100.00%, eSim(0.2)=100.00%, eSim(2.5)=100.00%, eSim(>=2.5)=0.00%
10.0.0.176,10.1.181.139,,,443,1427,,, eSim(0.01)=100.00%, eSim(0.2)=100.00%, eSim(2.5)=100.00%, eSim(>=2.5)=0.00%
10.0.193.246,10.5.4.12,,,1057,80,,, eSim(0.01)=100.00%, eSim(0.2)=100.00%, eSim(2.5)=100.00%, eSim(>=2.5)=0.00%
10.0.193.246,10.5.4.12,,,1057,80,,, eSim(0.01)=100.00%, eSim(0.2)=100.00%, eSim(2.5)=100.00%, eSim(>=2.5)=0.00%
10.1.121.4,10.1.212.239,,,1976,4000,,, eSim(0.01)=97.43%, eSim(0.2)=99.62%, eSim(2.5)=99.92%, eSim(>=2.5)=0.08%
10.1.121.4,10.1.212.239,,,1976,4000,,, eSim(0.01)=97.64%, eSim(0.2)=99.84%, eSim(2.5)=100.00%, eSim(>=2.5)=0.00%
10.0.0.19,10.0.0.20,,,119,2792,,, eSim(0.01)=94.85%, eSim(0.2)=99.94%, eSim(2.5)=100.00%, eSim(>=2.5)=0.00%
10.0.0.19,10.0.0.20,,,119,2792,,, eSim(0.01)=95.51%, eSim(0.2)=99.94%, eSim(2.5)=100.00%, eSim(>=2.5)=0.00%
10.0.0.19,10.0.0.20,,,119,2792,,, eSim(0.01)=94.43%, eSim(0.2)=99.94%, eSim(2.5)=100.00%, eSim(>=2.5)=0.00%
10.0.0.19,10.0.0.20,,,119,2792,,, eSim(0.01)=94.19%, eSim(0.2)=99.74%, eSim(2.5)=100.00%, eSim(>=2.5)=0.00%
10.0.40.171,10.1.69.64,,,1328,41278,,, eSim(0.01)=100.00%, eSim(0.2)=100.00%, eSim(2.5)=100.00%, eSim(>=2.5)=0.00%
10.0.40.171,10.1.69.64,,,1328,41278,,, eSim(0.01)=100.00%, eSim(0.2)=100.00%, eSim(2.5)=100.00%, eSim(>=2.5)=0.00%
10.0.40.171,10.1.69.64,,,1328,41278,,, eSim(0.01)=100.00%, eSim(0.2)=100.00%, eSim(2.5)=100.00%, eSim(>=2.5)=0.00%
10.0.40.171,10.1.69.64,,,1328,41278,,, eSim(0.01)=100.00%, eSim(0.2)=100.00%, eSim(2.5)=100.00%, eSim(>=2.5)=0.00%
10.0.85.36,10.1.204.121,,,1195,4070,,, eSim(0.01)=100.00%, eSim(0.2)=100.00%, eSim(2.5)=100.00%, eSim(>=2.5)=0.00%
10.0.85.36,10.1.204.121,,,1195,4070,,, eSim(0.01)=100.00%, eSim(0.2)=100.00%, eSim(2.5)=100.00%, eSim(>=2.5)=0.00%
10.0.252.94,10.4.113.206,,,6699,1099,,, eSim(0.01)=97.96%, eSim(0.2)=99.37%, eSim(2.5)=100.00%, eSim(>=2.5)=0.00%
10.0.252.94,10.4.113.206,,,6699,1099,,, eSim(0.01)=97.81%, eSim(0.2)=98.95%, eSim(2.5)=100.00%, eSim(>=2.5)=0.00%
10.1.161.102,10.1.242.83,,,1229,6699,,, eSim(0.01)=100.00%, eSim(0.2)=100.00%, eSim(2.5)=100.00%, eSim(>=2.5)=0.00%
10.0.139.237,10.5.86.190,,,1766,2080,,, eSim(0.01)=99.95%, eSim(0.2)=99.95%, eSim(2.5)=99.95%, eSim(>=2.5)=0.05%
10.0.139.237,10.5.86.190,,,1766,2080,,, eSim(0.01)=100.00%, eSim(0.2)=100.00%, eSim(2.5)=100.00%, eSim(>=2.5)=0.00%
10.0.1.47,10.0.3.74,,,7070,3529,,, eSim(0.01)=77.78%, eSim(0.2)=91.11%, eSim(2.5)=100.00%, eSim(>=2.5)=0.00%
10.0.0.34,10.1.69.22,,,20,1446,,, eSim(0.01)=57.14%, eSim(0.2)=89.01%, eSim(2.5)=100.00%, eSim(>=2.5)=0.00%
10.0.0.34,10.1.69.22,,,20,1447,,, eSim(0.01)=32.26%, eSim(0.2)=85.48%, eSim(2.5)=100.00%, eSim(>=2.5)=0.00%
10.0.10.9,10.3.45.29,,,80,1563,,, eSim(0.01)=72.22%, eSim(0.2)=77.78%, eSim(2.5)=97.22%, eSim(>=2.5)=2.78%
10.0.10.9,10.3.45.29,,,80,1563,,, eSim(0.01)=91.28%, eSim(0.2)=93.85%, eSim(2.5)=100.00%, eSim(>=2.5)=0.00%
10.0.2.53,10.1.27.100,,,36338,20,,, eSim(0.01)=16.67%, eSim(0.2)=33.33%, eSim(2.5)=66.67%, eSim(>=2.5)=33.33%
10.0.2.53,10.1.27.100,,,38410,20,,, no or not enough (<=2) retransmissions existent
10.0.2.53,10.1.27.100,,,38410,20,,, eSim(0.01)=0.00%, eSim(0.2)=0.00%, eSim(2.5)=100.00%, eSim(>=2.5)=0.00%
10.0.2.53,10.1.27.100,,,38410,20,,, eSim(0.01)=12.50%, eSim(0.2)=50.00%, eSim(2.5)=87.50%, eSim(>=2.5)=12.50%
10.0.2.53,10.1.27.100,,,38410,20,,, eSim(0.01)=12.50%, eSim(0.2)=12.50%, eSim(2.5)=87.50%, eSim(>=2.5)=12.50%
10.0.2.53,10.1.27.100,,,38410,20,,, eSim(0.01)=57.14%, eSim(0.2)=71.43%, eSim(2.5)=92.86%, eSim(>=2.5)=7.14%
10.0.2.53,10.1.27.100,,,38410,20,,, eSim(0.01)=25.00%, eSim(0.2)=50.00%, eSim(2.5)=100.00%, eSim(>=2.5)=0.00%
10.0.2.53,10.1.27.100,,,38410,20,,, eSim(0.01)=13.33%, eSim(0.2)=33.33%, eSim(2.5)=100.00%, eSim(>=2.5)=0.00%
10.0.2.53,10.1.27.100,,,38410,20,,, eSim(0.01)=0.00%, eSim(0.2)=0.00%, eSim(2.5)=0.00%, eSim(>=2.5)=100.00%
10.0.2.53,10.1.27.100,,,38410,20,,, eSim(0.01)=0.00%, eSim(0.2)=12.50%, eSim(2.5)=75.00%, eSim(>=2.5)=25.00%
10.0.2.53,10.1.27.100,,,38410,20,,, eSim(0.01)=0.00%, eSim(0.2)=20.00%, eSim(2.5)=90.00%, eSim(>=2.5)=10.00%
10.0.2.53,10.1.27.100,,,38410,20,,, eSim(0.01)=0.00%, eSim(0.2)=12.50%, eSim(2.5)=87.50%, eSim(>=2.5)=12.50%
10.0.2.53,10.1.27.100,,,38410,20,,, eSim(0.01)=0.00%, eSim(0.2)=0.00%, eSim(2.5)=0.00%, eSim(>=2.5)=100.00%
10.0.2.53,10.1.27.100,,,38410,20,,, eSim(0.01)=23.53%, eSim(0.2)=52.94%, eSim(2.5)=100.00%, eSim(>=2.5)=0.00%
10.0.2.86,10.0.7.182,,,25,14358,,, eSim(0.01)=100.00%, eSim(0.2)=100.00%, eSim(2.5)=100.00%, eSim(>=2.5)=0.00%
10.0.2.86,10.0.7.182,,,25,14358,,, eSim(0.01)=100.00%, eSim(0.2)=100.00%, eSim(2.5)=100.00%, eSim(>=2.5)=0.00%
10.0.8.37,10.0.45.9,,,119,1032,,, eSim(0.01)=75.33%, eSim(0.2)=97.80%, eSim(2.5)=99.78%, eSim(>=2.5)=0.22%
10.1.92.5,10.1.199.211,,,1408,80,,, eSim(0.01)=100.00%, eSim(0.2)=100.00%, eSim(2.5)=100.00%, eSim(>=2.5)=0.00%
10.1.92.5,10.1.199.211,,,1408,80,,, eSim(0.01)=100.00%, eSim(0.2)=100.00%, eSim(2.5)=100.00%, eSim(>=2.5)=0.00%
